,minutes,seconds,player_x,player_y
0,0,45,0.9749999999999998,0.9749999999999998
1,0,44,1.9499999999999993,1.6499999999999995
2,0,43,3.950000000000001,2.9300000000000006
3,0,42,5.950000000000003,1.3299999999999992
4,0,41,6.970000000000002,1.669999999999999
5,0,40,5.015000000000003,3.3699999999999983
6,0,39,5.915000000000002,6.969999999999993
7,0,38,6.545000000000001,6.969999999999993
